{
    "providers": [
        {
            "type": "bitmap",
            "file": "minecraft:custom/hearts/blue_heart.png",
            "ascent": 8,
            "height": 9,
            "chars": ["a"]
        },
        {
            "type": "bitmap",
            "file": "minecraft:custom/hearts/green_heart.png",
            "ascent": 8,
            "height": 9,
            "chars": ["b"]
        },
        {
            "type": "bitmap",
            "file": "minecraft:custom/hearts/orange_heart.png",
            "ascent": 8,
            "height": 9,
            "chars": ["c"]
        },
        {
            "type": "bitmap",
            "file": "minecraft:custom/hearts/pink_heart.png",
            "ascent": 8,
            "height": 9,
            "chars": ["d"]
        },
        {
            "type": "bitmap",
            "file": "minecraft:custom/hearts/purple_heart.png",
            "ascent": 8,
            "height": 9,
            "chars": ["e"]
        },
        {
            "type": "bitmap",
            "file": "minecraft:custom/hearts/red_heart.png",
            "ascent": 8,
            "height": 9,
            "chars": ["f"]
        },
        {
            "type": "bitmap",
            "file": "minecraft:custom/hearts/yellow_heart.png",
            "ascent": 8,
            "height": 9,
            "chars": ["g"]
        },
        {
            "type": "bitmap",
            "file": "minecraft:custom/hearts/teal_heart.png",
            "ascent": 8,
            "height": 9,
            "chars": ["h"]
        }
        
    ]
}