{
  "added": [
    {
      "stack": "item:minecraft:glow_item_frame{\"minecraft:custom_model_data\":349800,\"minecraft:entity_data\":{Tags:[\"kitnotfound_GnasherPlacer\"],id:\"minecraft:glow_item_frame\"},\"minecraft:item_name\":\u0027\"Gnasher\"\u0027}"
    },
	{
      "stack": "item:minecraft:glow_item_frame{\"minecraft:custom_model_data\":40439811,\"minecraft:entity_data\":{Tags:[\"kitnotfound_WeirdEggPlacer\"],id:\"minecraft:glow_item_frame\"},\"minecraft:item_name\":\u0027\"Mysterious Egg\"\u0027}"
    }
  ]
}