{
	"credit": "Made with Blockbench",
	"textures": {
		"0": "item/gnasher/gnasher_bottom",
		"1": "item/gnasher/gnasher_on_back",
		"2": "item/gnasher/gnasher_on_face",
		"3": "item/gnasher/gnasher_on_side",
		"4": "item/gnasher/gnasher_on_top",
		"particle": "item/gnasher/gnasher_bottom"
	},
	"elements": [
		{
			"from": [-0.1, -0.1, -0.1],
			"to": [16.1, 16.1, 16.1],
			"faces": {
				"north": {"uv": [0, 0, 16, 16], "texture": "#2"},
				"east": {"uv": [16, 0, 0, 16], "texture": "#3"},
				"south": {"uv": [0, 0, 16, 16], "texture": "#1"},
				"west": {"uv": [0, 0, 16, 16], "texture": "#3"},
				"up": {"uv": [0, 0, 16, 16], "rotation": 180, "texture": "#4"},
				"down": {"uv": [16, 0, 0, 16], "texture": "#0"}
			}
		}
	]
}