{
	"credit": "Made with Blockbench",
	"texture_size": [64, 64],
	"textures": {
		"0": "item/scuba_helmet/scuba_helmet",
		"particle": "item/scuba_helmet/scuba_helmet"
	},
	"elements": [
		{
			"name": "Helmet",
			"from": [4, 0, 4],
			"to": [12, 8, 12],
			"faces": {
				"north": {"uv": [2.5, 0, 4.5, 2], "texture": "#0"},
				"east": {"uv": [2.5, 2, 4.5, 4], "texture": "#0"},
				"south": {"uv": [2.5, 4, 4.5, 6], "texture": "#0"},
				"west": {"uv": [4.5, 0, 6.5, 2], "texture": "#0"},
				"up": {"uv": [6.5, 4, 4.5, 2], "texture": "#0"},
				"down": {"uv": [6.5, 4, 4.5, 6], "texture": "#0"}
			}
		},
		{
			"name": "FacePlate",
			"from": [5.5, 1.5, 3],
			"to": [10.5, 6.5, 4],
			"rotation": {"angle": -45, "axis": "z", "origin": [8, 4, 2]},
			"faces": {
				"north": {"uv": [0, 5, 1.25, 6.25], "texture": "#0"},
				"east": {"uv": [4.5, 7.25, 4.75, 8.5], "texture": "#0"},
				"south": {"uv": [1.25, 5, 2.5, 6.25], "texture": "#0"},
				"west": {"uv": [7.25, 4.5, 7.5, 5.75], "texture": "#0"},
				"up": {"uv": [6, 7.5, 4.75, 7.25], "texture": "#0"},
				"down": {"uv": [7.25, 7.25, 6, 7.5], "texture": "#0"}
			}
		},
		{
			"name": "Tubing",
			"from": [3, 1, 3.25],
			"to": [13, 3, 13.25],
			"faces": {
				"north": {"uv": [2.5, 6, 5, 6.5], "texture": "#0"},
				"east": {"uv": [5, 6, 7.5, 6.5], "texture": "#0"},
				"south": {"uv": [0, 6.25, 2.5, 6.75], "texture": "#0"},
				"west": {"uv": [6.5, 0, 9, 0.5], "texture": "#0"},
				"up": {"uv": [2.5, 2.5, 0, 0], "texture": "#0"},
				"down": {"uv": [2.5, 2.5, 0, 5], "texture": "#0"}
			}
		},
		{
			"name": "LeftLamp",
			"from": [1, 4, 4],
			"to": [4, 7, 7],
			"rotation": {"angle": 45, "axis": "y", "origin": [4, 5, 4]},
			"faces": {
				"north": {"uv": [6.5, 3.5, 7.25, 4.25], "texture": "#0"},
				"east": {"uv": [6.5, 4.25, 7.25, 5], "texture": "#0"},
				"south": {"uv": [4.5, 6.5, 5.25, 7.25], "texture": "#0"},
				"west": {"uv": [6.5, 5, 7.25, 5.75], "texture": "#0"},
				"up": {"uv": [6, 7.25, 5.25, 6.5], "texture": "#0"},
				"down": {"uv": [6.75, 6.5, 6, 7.25], "texture": "#0"}
			}
		},
		{
			"name": "TopLamp",
			"from": [6, 8, 4],
			"to": [10, 11, 7],
			"rotation": {"angle": 45, "axis": "x", "origin": [8, 8, 4]},
			"faces": {
				"north": {"uv": [6.5, 2, 7.5, 2.75], "texture": "#0"},
				"east": {"uv": [7.25, 3.5, 8, 4.25], "texture": "#0"},
				"south": {"uv": [2.5, 6.5, 3.5, 7.25], "texture": "#0"},
				"west": {"uv": [3.75, 7.25, 4.5, 8], "texture": "#0"},
				"up": {"uv": [7.5, 3.5, 6.5, 2.75], "texture": "#0"},
				"down": {"uv": [4.5, 6.5, 3.5, 7.25], "texture": "#0"}
			}
		},
		{
			"name": "RightLamp",
			"from": [12, 4, 4],
			"to": [15, 7, 7],
			"rotation": {"angle": -45, "axis": "y", "origin": [12, 5, 4]},
			"faces": {
				"north": {"uv": [0, 6.75, 0.75, 7.5], "texture": "#0"},
				"east": {"uv": [0.75, 6.75, 1.5, 7.5], "texture": "#0"},
				"south": {"uv": [1.5, 6.75, 2.25, 7.5], "texture": "#0"},
				"west": {"uv": [6.75, 6.5, 7.5, 7.25], "texture": "#0"},
				"up": {"uv": [3, 8, 2.25, 7.25], "texture": "#0"},
				"down": {"uv": [3.75, 7.25, 3, 8], "texture": "#0"}
			}
		},
		{
			"name": "Knob",
			"from": [3, 0.5, 2.25],
			"to": [5, 2.5, 3.25],
			"rotation": {"angle": -45, "axis": "z", "origin": [4, 1.5, 2]},
			"faces": {
				"north": {"uv": [7.25, 7.25, 7.75, 7.75], "texture": "#0"},
				"east": {"uv": [2.25, 6.75, 2.5, 7.25], "texture": "#0"},
				"south": {"uv": [0, 7.5, 0.5, 8], "texture": "#0"},
				"west": {"uv": [1, 7.5, 1.25, 8], "texture": "#0"},
				"up": {"uv": [1.75, 7.75, 1.25, 7.5], "texture": "#0"},
				"down": {"uv": [2.25, 7.5, 1.75, 7.75], "texture": "#0"}
			}
		},
		{
			"name": "Handle",
			"from": [5, 8, 10],
			"to": [11, 11, 11],
			"faces": {
				"north": {"uv": [6.5, 0.5, 8, 1.25], "texture": "#0"},
				"east": {"uv": [0.5, 7.5, 0.75, 8.25], "texture": "#0"},
				"south": {"uv": [6.5, 1.25, 8, 2], "texture": "#0"},
				"west": {"uv": [0.75, 7.5, 1, 8.25], "texture": "#0"},
				"up": {"uv": [8, 6, 6.5, 5.75], "texture": "#0"},
				"down": {"uv": [8.75, 4.25, 7.25, 4.5], "texture": "#0"}
			}
		}
	],
	"display": {
		"ground": {
			"translation": [0, 0.25, 0],
			"scale": [0.5, 0.5, 0.5]
		},
		"head": {
			"translation": [0, 7.25, 0],
			"scale": [2, 2, 2]
		}
	}
}