{
    "providers": [
        {
            "type": "bitmap",
            "file": "minecraft:custom/food.png",
            "ascent": 8,
            "height": 9,
            "chars": ["1"]
        },
        {
            "type": "bitmap",
            "file": "minecraft:custom/heart.png",
            "ascent": 8,
            "height": 9,
            "chars": ["2"]
        },
        {
            "type": "bitmap",
            "file": "minecraft:custom/potion.png",
            "ascent": 8,
            "height": 9,
            "chars": ["a"]
        },
        {
            "type": "bitmap",
            "file": "minecraft:custom/100.png",
            "ascent": 8,
            "height": 9,
            "chars": ["b"]
        },
        {
            "type": "bitmap",
            "file": "minecraft:custom/angry.png",
            "ascent": 8,
            "height": 9,
            "chars": ["c"]
        },
        {
            "type": "bitmap",
            "file": "minecraft:custom/fire.png",
            "ascent": 8,
            "height": 9,
            "chars": ["d"]
        },
        {
            "type": "bitmap",
            "file": "minecraft:custom/frown.png",
            "ascent": 8,
            "height": 9,
            "chars": ["e"]
        },
        {
            "type": "bitmap",
            "file": "minecraft:custom/pensive.png",
            "ascent": 8,
            "height": 9,
            "chars": ["f"]
        },
        {
            "type": "bitmap",
            "file": "minecraft:custom/sob.png",
            "ascent": 8,
            "height": 9,
            "chars": ["g"]
        },
        {
            "type": "bitmap",
            "file": "minecraft:custom/star.png",
            "ascent": 8,
            "height": 9,
            "chars": ["h"]
        },
        {
            "type": "bitmap",
            "file": "minecraft:custom/thumbsup.png",
            "ascent": 8,
            "height": 9,
            "chars": ["i"]
        },
        {
            "type": "bitmap",
            "file": "minecraft:custom/thumbsdown.png",
            "ascent": 8,
            "height": 9,
            "chars": ["j"]
        },
        {
            "type": "bitmap",
            "file": "minecraft:custom/albanian_flag.png",
            "ascent": 8,
            "height": 9,
            "chars": ["k"]
        },
        {
            "type": "bitmap",
            "file": "minecraft:custom/eye.png",
            "ascent": 8,
            "height": 9,
            "chars": ["l"]
        },
        {
            "type": "bitmap",
            "file": "minecraft:custom/eyes.png",
            "ascent": 8,
            "height": 9,
            "chars": ["m"]
        },
        {
            "type": "bitmap",
            "file": "minecraft:custom/nausea.png",
            "ascent": 8,
            "height": 9,
            "chars": ["n"]
        },
        {
            "type": "bitmap",
            "file": "minecraft:custom/skull.png",
            "ascent": 8,
            "height": 9,
            "chars": ["o"]
        },
        {
            "type": "bitmap",
            "file": "minecraft:custom/spiral_eyes.png",
            "ascent": 8,
            "height": 9,
            "chars": ["p"]
        }
    ]
}