{
  "type": "emi:world_interaction",
  "left": {
	"type": "item",
	"id": "minecraft:glow_item_frame",
	"nbt": "{\"minecraft:custom_model_data\":349800,\"minecraft:entity_data\":{Tags:[\"kitnotfound_GnasherPlacer\"],id:\"minecraft:glow_item_frame\"},\"minecraft:item_name\":\u0027\"Gnasher\"\u0027}",
	"amount": 1,
	"remainder": {
		"type": "item",
		"id":  "minecraft:glow_item_frame",
		"amount": 1,
		"nbt": "{\"minecraft:custom_model_data\":349800,\"minecraft:entity_data\":{Tags:[\"kitnotfound_GnasherPlacer\"],id:\"minecraft:glow_item_frame\"},\"minecraft:item_name\":\u0027\"Gnasher\"\u0027}"
	}
  },
  "right": "item:minecraft:gravel",
  "output": "item:minecraft:sand"
}