{
	"player.mayamistborn.note" : {
		"sounds": [
			{
				"name": "nprp:player_heads/mayamistborn/cry1"
			},
			{
				"name": "nprp:player_heads/mayamistborn/cry2"
			}
		]
	},
	"player.mecha566.note" : {
		"sounds": [
			{
				"name": "nprp:player_heads/mecha566/boing1"
			},
			{
				"name": "nprp:player_heads/mecha566/boing2"
			},
			{
				"name": "nprp:player_heads/mecha566/boing3"
			}
		]
	},
	"player.mintiestkitkat.note" : {
		"sounds": [
			{
				"name": "nprp:player_heads/mintiestkitkat/meow1"
			},
			{
				"name": "nprp:player_heads/mintiestkitkat/meow2"
			},
			{
				"name": "nprp:player_heads/mintiestkitkat/meow3"
			},
			{
				"name": "nprp:player_heads/mintiestkitkat/meow4"
			},
			{
				"name": "nprp:player_heads/mintiestkitkat/meow5"
			}
		]
	},
	"player.valbug.note" : {
		"sounds": [
			{
				"name": "nprp:player_heads/valbug/tetonoise1"
			}
		]
		
	}
}